<?xml version='1.0' encoding='utf-8'?>
<TextureAtlas imagePath="Dry Ice.png">
<SubTexture name="Dry Ice Idle0000" x="432" y="1620" width="432" height="441" frameX="-135" frameY="-171" frameWidth="720" frameHeight="693" />
<SubTexture name="Dry Ice Idle0001" x="0" y="1620" width="432" height="468" frameX="-126" frameY="-144" frameWidth="720" frameHeight="693" />
<SubTexture name="Dry Ice Idle0002" x="378" y="1116" width="423" height="495" frameX="-126" frameY="-117" frameWidth="720" frameHeight="693" />
<SubTexture name="Dry Ice Idle0003" x="1278" y="0" width="423" height="504" frameX="-126" frameY="-108" frameWidth="720" frameHeight="693" />
<SubTexture name="Dry Ice Idle0004" x="801" y="1116" width="423" height="495" frameX="-126" frameY="-117" frameWidth="720" frameHeight="693" />
<SubTexture name="Dry Ice Idle0005" x="801" y="1116" width="423" height="495" frameX="-126" frameY="-117" frameWidth="720" frameHeight="693" />
<SubTexture name="Dry Ice Right0000" x="1224" y="1116" width="432" height="495" frameX="-144" frameY="-117" frameWidth="720" frameHeight="693" />
<SubTexture name="Dry Ice Right0001" x="1701" y="0" width="432" height="495" frameX="-135" frameY="-117" frameWidth="720" frameHeight="693" />
<SubTexture name="Dry Ice Right0002" x="1701" y="495" width="432" height="495" frameX="-126" frameY="-117" frameWidth="720" frameHeight="693" />
<SubTexture name="Dry Ice Right0003" x="1701" y="495" width="432" height="495" frameX="-126" frameY="-117" frameWidth="720" frameHeight="693" />
<SubTexture name="Dry Ice Right0004" x="1701" y="495" width="432" height="495" frameX="-126" frameY="-117" frameWidth="720" frameHeight="693" />
<SubTexture name="Dry Ice Right0005" x="1701" y="495" width="432" height="495" frameX="-126" frameY="-117" frameWidth="720" frameHeight="693" />
<SubTexture name="Dry Ice Left0000" x="1701" y="990" width="387" height="495" frameX="-108" frameY="-117" frameWidth="720" frameHeight="693" />
<SubTexture name="Dry Ice Left0001" x="1278" y="504" width="378" height="504" frameX="-117" frameY="-108" frameWidth="720" frameHeight="693" />
<SubTexture name="Dry Ice Left0002" x="0" y="1116" width="378" height="504" frameX="-126" frameY="-108" frameWidth="720" frameHeight="693" />
<SubTexture name="Dry Ice Left0003" x="0" y="1116" width="378" height="504" frameX="-126" frameY="-108" frameWidth="720" frameHeight="693" />
<SubTexture name="Dry Ice Left0004" x="0" y="1116" width="378" height="504" frameX="-126" frameY="-108" frameWidth="720" frameHeight="693" />
<SubTexture name="Dry Ice Left0005" x="0" y="1116" width="378" height="504" frameX="-126" frameY="-108" frameWidth="720" frameHeight="693" />
<SubTexture name="Dry Ice Left0006" x="0" y="1116" width="378" height="504" frameX="-126" frameY="-108" frameWidth="720" frameHeight="693" />
<SubTexture name="Dry Ice Up0000" x="0" y="0" width="423" height="585" frameX="-126" frameY="-27" frameWidth="720" frameHeight="693" />
<SubTexture name="Dry Ice Up0001" x="423" y="0" width="432" height="549" frameX="-126" frameY="-63" frameWidth="720" frameHeight="693" />
<SubTexture name="Dry Ice Up0002" x="855" y="0" width="423" height="531" frameX="-126" frameY="-81" frameWidth="720" frameHeight="693" />
<SubTexture name="Dry Ice Up0003" x="0" y="585" width="423" height="531" frameX="-126" frameY="-81" frameWidth="720" frameHeight="693" />
<SubTexture name="Dry Ice Up0004" x="423" y="585" width="423" height="531" frameX="-126" frameY="-81" frameWidth="720" frameHeight="693" />
<SubTexture name="Dry Ice Up0005" x="846" y="585" width="423" height="531" frameX="-126" frameY="-81" frameWidth="720" frameHeight="693" />
<SubTexture name="Dry Ice Down0000" x="1530" y="1620" width="360" height="378" frameX="-189" frameY="-234" frameWidth="720" frameHeight="693" />
<SubTexture name="Dry Ice Down0001" x="1188" y="1620" width="342" height="396" frameX="-207" frameY="-216" frameWidth="720" frameHeight="693" />
<SubTexture name="Dry Ice Down0002" x="864" y="1620" width="324" height="414" frameX="-225" frameY="-198" frameWidth="720" frameHeight="693" />
<SubTexture name="Dry Ice Down0003" x="864" y="1620" width="324" height="414" frameX="-225" frameY="-198" frameWidth="720" frameHeight="693" />
<SubTexture name="Dry Ice Down0004" x="864" y="1620" width="324" height="414" frameX="-225" frameY="-198" frameWidth="720" frameHeight="693" />
<SubTexture name="Dry Ice Down0005" x="864" y="1620" width="324" height="414" frameX="-225" frameY="-198" frameWidth="720" frameHeight="693" />
<SubTexture name="Dry Ice Down0006" x="864" y="1620" width="324" height="414" frameX="-225" frameY="-198" frameWidth="720" frameHeight="693" />
</TextureAtlas>
