<?xml version='1.0' encoding='utf-8'?>
<TextureAtlas imagePath="Dry Ice 2.png">
<SubTexture name="Dry Ice 2 Idle0000" x="2052" y="900" width="459" height="441" frameX="-153" frameY="-171" frameWidth="720" frameHeight="693" />
<SubTexture name="Dry Ice 2 Idle0001" x="1044" y="495" width="486" height="486" frameX="-126" frameY="-126" frameWidth="720" frameHeight="693" />
<SubTexture name="Dry Ice 2 Idle0002" x="0" y="522" width="486" height="495" frameX="-126" frameY="-117" frameWidth="720" frameHeight="693" />
<SubTexture name="Dry Ice 2 Idle0003" x="0" y="1017" width="486" height="486" frameX="-126" frameY="-126" frameWidth="720" frameHeight="693" />
<SubTexture name="Dry Ice 2 Idle0004" x="1566" y="0" width="486" height="477" frameX="-126" frameY="-135" frameWidth="720" frameHeight="693" />
<SubTexture name="Dry Ice 2 Idle0005" x="2052" y="1341" width="477" height="441" frameX="-135" frameY="-171" frameWidth="720" frameHeight="693" />
<SubTexture name="Dry Ice 2 Left0000" x="1566" y="477" width="450" height="477" frameX="-135" frameY="-135" frameWidth="720" frameHeight="693" />
<SubTexture name="Dry Ice 2 Left0001" x="486" y="1017" width="450" height="486" frameX="-162" frameY="-126" frameWidth="720" frameHeight="693" />
<SubTexture name="Dry Ice 2 Left0002" x="486" y="522" width="450" height="495" frameX="-171" frameY="-117" frameWidth="720" frameHeight="693" />
<SubTexture name="Dry Ice 2 Left0003" x="486" y="522" width="450" height="495" frameX="-171" frameY="-117" frameWidth="720" frameHeight="693" />
<SubTexture name="Dry Ice 2 Left0004" x="486" y="522" width="450" height="495" frameX="-171" frameY="-117" frameWidth="720" frameHeight="693" />
<SubTexture name="Dry Ice 2 Left0005" x="486" y="522" width="450" height="495" frameX="-171" frameY="-117" frameWidth="720" frameHeight="693" />
<SubTexture name="Dry Ice 2 Right0000" x="0" y="1503" width="504" height="468" frameX="-171" frameY="-144" frameWidth="720" frameHeight="693" />
<SubTexture name="Dry Ice 2 Right0001" x="504" y="1503" width="504" height="468" frameX="-162" frameY="-144" frameWidth="720" frameHeight="693" />
<SubTexture name="Dry Ice 2 Right0002" x="1008" y="1503" width="504" height="468" frameX="-153" frameY="-144" frameWidth="720" frameHeight="693" />
<SubTexture name="Dry Ice 2 Right0003" x="1008" y="1503" width="504" height="468" frameX="-153" frameY="-144" frameWidth="720" frameHeight="693" />
<SubTexture name="Dry Ice 2 Right0004" x="1008" y="1503" width="504" height="468" frameX="-153" frameY="-144" frameWidth="720" frameHeight="693" />
<SubTexture name="Dry Ice 2 Right0005" x="1008" y="1503" width="504" height="468" frameX="-153" frameY="-144" frameWidth="720" frameHeight="693" />
<SubTexture name="Dry Ice 2 Up0000" x="0" y="0" width="522" height="522" frameX="-117" frameY="-90" frameWidth="720" frameHeight="693" />
<SubTexture name="Dry Ice 2 Up0001" x="522" y="0" width="522" height="504" frameX="-117" frameY="-108" frameWidth="720" frameHeight="693" />
<SubTexture name="Dry Ice 2 Up0002" x="1512" y="1503" width="522" height="468" frameX="-117" frameY="-144" frameWidth="720" frameHeight="693" />
<SubTexture name="Dry Ice 2 Up0003" x="936" y="1017" width="522" height="486" frameX="-117" frameY="-126" frameWidth="720" frameHeight="693" />
<SubTexture name="Dry Ice 2 Up0004" x="1044" y="0" width="522" height="495" frameX="-117" frameY="-117" frameWidth="720" frameHeight="693" />
<SubTexture name="Dry Ice 2 Up0005" x="1044" y="0" width="522" height="495" frameX="-117" frameY="-117" frameWidth="720" frameHeight="693" />
<SubTexture name="Dry Ice 2 Down0000" x="513" y="1971" width="513" height="432" frameX="-126" frameY="-180" frameWidth="720" frameHeight="693" />
<SubTexture name="Dry Ice 2 Down0001" x="0" y="1971" width="513" height="441" frameX="-126" frameY="-171" frameWidth="720" frameHeight="693" />
<SubTexture name="Dry Ice 2 Down0002" x="2052" y="0" width="513" height="450" frameX="-126" frameY="-162" frameWidth="720" frameHeight="693" />
<SubTexture name="Dry Ice 2 Down0003" x="2052" y="450" width="513" height="450" frameX="-126" frameY="-162" frameWidth="720" frameHeight="693" />
<SubTexture name="Dry Ice 2 Down0004" x="2052" y="450" width="513" height="450" frameX="-126" frameY="-162" frameWidth="720" frameHeight="693" />
<SubTexture name="Dry Ice 2 Down0005" x="2052" y="450" width="513" height="450" frameX="-126" frameY="-162" frameWidth="720" frameHeight="693" />
</TextureAtlas>
