<?xml version='1.0' encoding='utf-8'?>
<TextureAtlas imagePath="Icy-New.png">
<SubTexture name="Icy-New Idle0000" x="990" y="2745" width="495" height="630" frameX="-180" frameY="-144" frameWidth="837" frameHeight="909" />
<SubTexture name="Icy-New Idle0001" x="990" y="2070" width="486" height="666" frameX="-162" frameY="-108" frameWidth="837" frameHeight="909" />
<SubTexture name="Icy-New Idle0002" x="927" y="0" width="468" height="684" frameX="-180" frameY="-90" frameWidth="837" frameHeight="909" />
<SubTexture name="Icy-New Idle0003" x="0" y="1395" width="468" height="675" frameX="-180" frameY="-99" frameWidth="837" frameHeight="909" />
<SubTexture name="Icy-New Idle0004" x="0" y="1395" width="468" height="675" frameX="-180" frameY="-99" frameWidth="837" frameHeight="909" />
<SubTexture name="Icy-New Idle0005" x="0" y="1395" width="468" height="675" frameX="-180" frameY="-99" frameWidth="837" frameHeight="909" />
<SubTexture name="Icy-New Left0000" x="468" y="1395" width="477" height="675" frameX="-171" frameY="-99" frameWidth="837" frameHeight="909" />
<SubTexture name="Icy-New Left0001" x="945" y="1395" width="477" height="675" frameX="-180" frameY="-99" frameWidth="837" frameHeight="909" />
<SubTexture name="Icy-New Left0002" x="1422" y="1395" width="477" height="675" frameX="-189" frameY="-99" frameWidth="837" frameHeight="909" />
<SubTexture name="Icy-New Left0003" x="1422" y="1395" width="477" height="675" frameX="-189" frameY="-99" frameWidth="837" frameHeight="909" />
<SubTexture name="Icy-New Left0004" x="1422" y="1395" width="477" height="675" frameX="-189" frameY="-99" frameWidth="837" frameHeight="909" />
<SubTexture name="Icy-New Right0000" x="477" y="0" width="450" height="693" frameX="-261" frameY="-81" frameWidth="837" frameHeight="909" />
<SubTexture name="Icy-New Right0001" x="0" y="711" width="414" height="684" frameX="-270" frameY="-90" frameWidth="837" frameHeight="909" />
<SubTexture name="Icy-New Right0002" x="414" y="711" width="405" height="684" frameX="-270" frameY="-90" frameWidth="837" frameHeight="909" />
<SubTexture name="Icy-New Right0003" x="414" y="711" width="405" height="684" frameX="-270" frameY="-90" frameWidth="837" frameHeight="909" />
<SubTexture name="Icy-New Right0004" x="414" y="711" width="405" height="684" frameX="-270" frameY="-90" frameWidth="837" frameHeight="909" />
<SubTexture name="Icy-New Right0005" x="414" y="711" width="405" height="684" frameX="-270" frameY="-90" frameWidth="837" frameHeight="909" />
<SubTexture name="Icy-New Up0000" x="0" y="0" width="477" height="711" frameX="-162" frameY="-63" frameWidth="837" frameHeight="909" />
<SubTexture name="Icy-New Up0001" x="819" y="711" width="468" height="684" frameX="-171" frameY="-90" frameWidth="837" frameHeight="909" />
<SubTexture name="Icy-New Up0002" x="1476" y="2070" width="468" height="666" frameX="-171" frameY="-108" frameWidth="837" frameHeight="909" />
<SubTexture name="Icy-New Up0003" x="1476" y="2070" width="468" height="666" frameX="-171" frameY="-108" frameWidth="837" frameHeight="909" />
<SubTexture name="Icy-New Up0004" x="1476" y="2070" width="468" height="666" frameX="-171" frameY="-108" frameWidth="837" frameHeight="909" />
<SubTexture name="Icy-New Down0000" x="3744" y="0" width="477" height="567" frameX="-171" frameY="-207" frameWidth="837" frameHeight="909" />
<SubTexture name="Icy-New Down0001" x="2916" y="2745" width="477" height="603" frameX="-171" frameY="-171" frameWidth="837" frameHeight="909" />
<SubTexture name="Icy-New Down0002" x="1962" y="2745" width="477" height="621" frameX="-171" frameY="-153" frameWidth="837" frameHeight="909" />
<SubTexture name="Icy-New Down0003" x="1962" y="2745" width="477" height="621" frameX="-171" frameY="-153" frameWidth="837" frameHeight="909" />
<SubTexture name="Icy-New Down0004" x="1962" y="2745" width="477" height="621" frameX="-171" frameY="-153" frameWidth="837" frameHeight="909" />
<SubTexture name="Icy-New HEY0000" x="1395" y="0" width="504" height="684" frameX="-180" frameY="-90" frameWidth="837" frameHeight="909" />
<SubTexture name="Icy-New HEY0001" x="2304" y="0" width="495" height="675" frameX="-180" frameY="-99" frameWidth="837" frameHeight="909" />
<SubTexture name="Icy-New HEY0002" x="1944" y="2070" width="504" height="666" frameX="-180" frameY="-108" frameWidth="837" frameHeight="909" />
<SubTexture name="Icy-New HEY0003" x="1944" y="2070" width="504" height="666" frameX="-180" frameY="-108" frameWidth="837" frameHeight="909" />
<SubTexture name="Icy-New HEY0004" x="1944" y="2070" width="504" height="666" frameX="-180" frameY="-108" frameWidth="837" frameHeight="909" />
<SubTexture name="Icy-New HEY0005" x="1944" y="2070" width="504" height="666" frameX="-180" frameY="-108" frameWidth="837" frameHeight="909" />
<SubTexture name="Icy-New Miss Left0000" x="2304" y="675" width="477" height="675" frameX="-180" frameY="-99" frameWidth="837" frameHeight="909" />
<SubTexture name="Icy-New Miss Left0001" x="2304" y="1350" width="477" height="675" frameX="-198" frameY="-99" frameWidth="837" frameHeight="909" />
<SubTexture name="Icy-New Miss Left0002" x="0" y="2070" width="477" height="675" frameX="-180" frameY="-99" frameWidth="837" frameHeight="909" />
<SubTexture name="Icy-New Miss Left0003" x="0" y="2070" width="477" height="675" frameX="-180" frameY="-99" frameWidth="837" frameHeight="909" />
<SubTexture name="Icy-New Miss Left0004" x="0" y="2070" width="477" height="675" frameX="-180" frameY="-99" frameWidth="837" frameHeight="909" />
<SubTexture name="Icy-New Miss Left0005" x="0" y="2070" width="477" height="675" frameX="-180" frameY="-99" frameWidth="837" frameHeight="909" />
<SubTexture name="Icy-New Miss Right0000" x="1395" y="684" width="405" height="684" frameX="-270" frameY="-90" frameWidth="837" frameHeight="909" />
<SubTexture name="Icy-New Miss Right0001" x="1899" y="0" width="405" height="684" frameX="-252" frameY="-90" frameWidth="837" frameHeight="909" />
<SubTexture name="Icy-New Miss Right0002" x="1899" y="684" width="405" height="684" frameX="-270" frameY="-90" frameWidth="837" frameHeight="909" />
<SubTexture name="Icy-New Miss Right0003" x="1899" y="684" width="405" height="684" frameX="-270" frameY="-90" frameWidth="837" frameHeight="909" />
<SubTexture name="Icy-New Miss Right0004" x="1899" y="684" width="405" height="684" frameX="-270" frameY="-90" frameWidth="837" frameHeight="909" />
<SubTexture name="Icy-New Miss Right0005" x="1899" y="684" width="405" height="684" frameX="-270" frameY="-90" frameWidth="837" frameHeight="909" />
<SubTexture name="Icy-New Miss Up0000" x="3744" y="567" width="468" height="567" frameX="-171" frameY="-207" frameWidth="837" frameHeight="909" />
<SubTexture name="Icy-New Miss Up0001" x="2799" y="0" width="468" height="666" frameX="-171" frameY="-108" frameWidth="837" frameHeight="909" />
<SubTexture name="Icy-New Miss Up0002" x="2799" y="666" width="468" height="648" frameX="-171" frameY="-126" frameWidth="837" frameHeight="909" />
<SubTexture name="Icy-New Miss Up0003" x="3267" y="1998" width="468" height="657" frameX="-171" frameY="-117" frameWidth="837" frameHeight="909" />
<SubTexture name="Icy-New Miss Up0004" x="3267" y="1998" width="468" height="657" frameX="-171" frameY="-117" frameWidth="837" frameHeight="909" />
<SubTexture name="Icy-New Miss Up0005" x="3267" y="1998" width="468" height="657" frameX="-171" frameY="-117" frameWidth="837" frameHeight="909" />
<SubTexture name="Icy-New Miss Down0000" x="3744" y="1134" width="477" height="540" frameX="-171" frameY="-234" frameWidth="837" frameHeight="909" />
<SubTexture name="Icy-New Miss Down0001" x="3267" y="0" width="477" height="666" frameX="-171" frameY="-108" frameWidth="837" frameHeight="909" />
<SubTexture name="Icy-New Miss Down0002" x="2439" y="2745" width="477" height="621" frameX="-171" frameY="-153" frameWidth="837" frameHeight="909" />
<SubTexture name="Icy-New Miss Down0003" x="1485" y="2745" width="477" height="630" frameX="-171" frameY="-144" frameWidth="837" frameHeight="909" />
<SubTexture name="Icy-New Miss Down0004" x="1485" y="2745" width="477" height="630" frameX="-171" frameY="-144" frameWidth="837" frameHeight="909" />
<SubTexture name="Icy-New Miss Down0005" x="1485" y="2745" width="477" height="630" frameX="-171" frameY="-144" frameWidth="837" frameHeight="909" />
<SubTexture name="Icy-New Random Animation0000" x="3267" y="666" width="414" height="666" frameX="-180" frameY="-108" frameWidth="837" frameHeight="909" />
<SubTexture name="Icy-New Random Animation0001" x="3267" y="1332" width="432" height="666" frameX="-171" frameY="-108" frameWidth="837" frameHeight="909" />
<SubTexture name="Icy-New Random Animation0002" x="3267" y="666" width="414" height="666" frameX="-180" frameY="-108" frameWidth="837" frameHeight="909" />
<SubTexture name="Icy-New Random Animation0003" x="3267" y="1332" width="432" height="666" frameX="-171" frameY="-108" frameWidth="837" frameHeight="909" />
<SubTexture name="Icy-New Dodge0000" x="477" y="2070" width="513" height="675" frameX="-126" frameY="-99" frameWidth="837" frameHeight="909" />
<SubTexture name="Icy-New Dodge0001" x="0" y="2745" width="495" height="666" frameX="-153" frameY="-108" frameWidth="837" frameHeight="909" />
<SubTexture name="Icy-New Dodge0002" x="495" y="2745" width="495" height="657" frameX="-162" frameY="-117" frameWidth="837" frameHeight="909" />
<SubTexture name="Icy-New Dodge0003" x="495" y="2745" width="495" height="657" frameX="-162" frameY="-117" frameWidth="837" frameHeight="909" />
<SubTexture name="Icy-New Dodge0004" x="495" y="2745" width="495" height="657" frameX="-162" frameY="-117" frameWidth="837" frameHeight="909" />
<SubTexture name="Icy-New Dodge0005" x="495" y="2745" width="495" height="657" frameX="-162" frameY="-117" frameWidth="837" frameHeight="909" />
</TextureAtlas>
